{
  "灰姑娘": {
    "sounds": [
      "灰姑娘"
    ]
  },
  "遥远的你": {
    "sounds": [
      "遥远的你"
    ]
  },
  "Piano": {
    "sounds": [
      "Piano"
    ]
  },
  "IPhone": {
    "sounds": [
      "IPhone"
    ]
  },
  "NyanCat": {
    "sounds": [
      "NyanCat"
    ]
  },
  "AfterSchoolSpecial": {
    "sounds": [
      "AfterSchoolSpecial"
    ]
  },
  "WindowsXP": {
    "sounds": [
      "WindowsXP"
    ]
  },
  "WindMill": {
    "sounds": [
      "WindMill"
    ]
  }
}