{
  "灰姑娘1": {
    "sounds": [
      "灰姑娘1"
    ]
  },
  "灰姑娘2": {
    "sounds": [
      "灰姑娘2"
    ]
  },
  "灰姑娘3": {
    "sounds": [
      "灰姑娘3"
    ]
  },
  "灰姑娘4": {
    "sounds": [
      "灰姑娘4"
    ]
  },
  "灰姑娘5": {
    "sounds": [
      "灰姑娘5"
    ]
  },
  "灰姑娘6": {
    "sounds": [
      "灰姑娘6"
    ]
  },
  "灰姑娘7": {
    "sounds": [
      "灰姑娘7"
    ]
  },
  "灰姑娘8": {
    "sounds": [
      "灰姑娘8"
    ]
  },
  "灰姑娘9": {
    "sounds": [
      "灰姑娘9"
    ]
  },
  "灰姑娘10": {
    "sounds": [
      "灰姑娘10"
    ]
  },
  "灰姑娘11": {
    "sounds": [
      "灰姑娘11"
    ]
  },
  "灰姑娘12": {
    "sounds": [
      "灰姑娘12"
    ]
  }
}